INSERT INTO cliente(id_cliente,nombre,email,telefono,ciudad) VALUES
(1,'Cliente 1','demo1@correo.com','555-1001','Guadalajara'),
(2,'Cliente 2','cliente2@correo.com','555-1002','Monterrey'),
(3,'Cliente 3','cliente3@correo.com','555-1003','Puebla'),
(4,'Cliente 4','cliente4@correo.com','555-1004','Querétaro'),
(5,'Cliente 5','cliente5@correo.com','555-1005','CDMX'),
(6,'Cliente 6','cliente6@correo.com','555-1006','Guadalajara'),
(7,'Cliente 7','cliente7@correo.com','555-1007','Monterrey'),
(8,'Cliente 8','cliente8@correo.com','555-1008','Puebla'),
(9,'Cliente 9','cliente9@correo.com','555-1009','Querétaro'),
(10,'Cliente 10','cliente10@correo.com','555-1010','CDMX'),
(11,'Cliente 11','cliente11@correo.com','555-1011','Guadalajara'),
(12,'Cliente 12','cliente12@correo.com','555-1012','Monterrey'),
(13,'Cliente 13','cliente13@correo.com','555-1013','Puebla'),
(14,'Cliente 14','cliente14@correo.com','555-1014','Querétaro'),
(15,'Cliente 15','cliente15@correo.com','555-1015','CDMX'),
(16,'Cliente 16','cliente16@correo.com','555-1016','Guadalajara'),
(17,'Cliente 17','cliente17@correo.com','555-1017','Monterrey'),
(18,'Cliente 18','cliente18@correo.com','555-1018','Puebla'),
(19,'Cliente 19','cliente19@correo.com','555-1019','Querétaro'),
(20,'Cliente 20','cliente20@correo.com','555-1020','CDMX'),
(21,'Cliente 21','cliente21@correo.com','555-1021','Guadalajara'),
(22,'Cliente 22','cliente22@correo.com','555-1022','Monterrey'),
(23,'Cliente 23','cliente23@correo.com','555-1023','Puebla'),
(24,'Cliente 24','cliente24@correo.com','555-1024','Querétaro'),
(25,'Cliente 25','cliente25@correo.com','555-1025','CDMX'),
(26,'Cliente 26','cliente26@correo.com','555-1026','Guadalajara'),
(27,'Cliente 27','cliente27@correo.com','555-1027','Monterrey'),
(28,'Cliente 28','cliente28@correo.com','555-1028','Puebla'),
(29,'Cliente 29','cliente29@correo.com','555-1029','Querétaro'),
(30,'Cliente 30','cliente30@correo.com','555-1030','CDMX'),
(31,'Cliente 31','cliente31@correo.com','555-1031','Guadalajara'),
(32,'Cliente 32','cliente32@correo.com','555-1032','Monterrey'),
(33,'Cliente 33','cliente33@correo.com','555-1033','Puebla'),
(34,'Cliente 34','cliente34@correo.com','555-1034','Querétaro'),
(35,'Cliente 35','cliente35@correo.com','555-1035','CDMX'),
(36,'Cliente 36','cliente36@correo.com','555-1036','Guadalajara'),
(37,'Cliente 37','cliente37@correo.com','555-1037','Monterrey'),
(38,'Cliente 38','cliente38@correo.com','555-1038','Puebla'),
(39,'Cliente 39','cliente39@correo.com','555-1039','Querétaro'),
(40,'Cliente 40','cliente40@correo.com','555-1040','CDMX');
INSERT INTO producto(id_producto,nombre,precio,stock,imagen) VALUES
(1,'Producto 1',2511.29,21,'imagen1.png'),
(2,'Producto 2',782.90,43,'imagen2.png'),
(3,'Producto 3',1373.55,37,'imagen3.png'),
(4,'Producto 4',3151.25,32,'imagen4.png'),
(5,'Producto 5',1611.87,93,'imagen5.png'),
(6,'Producto 6',1364.31,86,'imagen1.png'),
(7,'Producto 7',514.99,21,'imagen2.png'),
(8,'Producto 8',1606.08,27,'imagen3.png'),
(9,'Producto 9',4980.64,45,'imagen4.png'),
(10,'Producto 10',4277.37,21,'imagen5.png'),
(11,'Producto 11',544.31,18,'imagen1.png'),
(12,'Producto 12',945.50,68,'imagen2.png'),
(13,'Producto 13',2165.74,41,'imagen3.png'),
(14,'Producto 14',1739.56,79,'imagen4.png'),
(15,'Producto 15',2660.01,56,'imagen5.png'),
(16,'Producto 16',3984.10,59,'imagen1.png'),
(17,'Producto 17',857.91,36,'imagen2.png'),
(18,'Producto 18',4543.27,73,'imagen3.png'),
(19,'Producto 19',2700.99,78,'imagen4.png'),
(20,'Producto 20',4529.45,46,'imagen5.png'),
(21,'Producto 21',850.57,76,'imagen1.png'),
(22,'Producto 22',4495.72,49,'imagen2.png'),
(23,'Producto 23',1863.57,66,'imagen3.png'),
(24,'Producto 24',4046.37,33,'imagen4.png'),
(25,'Producto 25',4208.90,49,'imagen5.png'),
(26,'Producto 26',2651.68,46,'imagen1.png'),
(27,'Producto 27',1601.92,50,'imagen2.png'),
(28,'Producto 28',671.34,46,'imagen3.png'),
(29,'Producto 29',2438.26,35,'imagen4.png'),
(30,'Producto 30',4384.90,62,'imagen5.png');
INSERT INTO venta(id_venta,id_cliente,fecha,total) VALUES
(1,3,'2025-01-24',22030.36),
(2,11,'2025-01-06',544.31),
(3,39,'2025-01-08',21590.13),
(4,10,'2025-01-21',19828.72),
(5,22,'2025-01-07',10653.43),
(6,1,'2025-01-21',16172.58),
(7,28,'2025-01-15',4728.16),
(8,1,'2025-01-05',12932.28),
(9,9,'2025-01-08',25330.78),
(10,21,'2025-01-20',19671.32),
(11,27,'2025-01-05',20165.51),
(12,10,'2025-01-14',14135.59),
(13,9,'2025-01-24',5085.20),
(14,12,'2025-01-27',12752.31),
(15,17,'2025-01-23',9874.19),
(16,23,'2025-01-01',11827.40),
(17,8,'2025-01-22',6302.50),
(18,37,'2025-01-07',8323.74),
(19,37,'2025-01-30',6164.18),
(20,36,'2025-01-29',8554.74),
(21,17,'2025-01-20',4092.93),
(22,23,'2025-01-11',4092.93),
(23,14,'2025-01-12',17135.69),
(24,9,'2025-01-09',20523.52),
(25,39,'2025-01-21',18706.66),
(26,9,'2025-01-23',3203.84),
(27,11,'2025-01-04',23476.00),
(28,25,'2025-01-28',11462.99),
(29,18,'2025-01-04',14629.56),
(30,16,'2025-01-13',29179.81),
(31,24,'2025-01-08',16444.06),
(32,6,'2025-01-25',11568.51),
(33,15,'2025-01-17',22395.49),
(34,13,'2025-01-21',7653.50),
(35,25,'2025-01-27',13347.19),
(36,17,'2025-01-01',21869.40),
(37,9,'2025-01-30',12890.45),
(38,2,'2025-01-30',20384.09),
(39,24,'2025-01-25',6844.21),
(40,25,'2025-01-25',4277.37),
(41,1,'2025-01-13',4277.37),
(42,6,'2025-01-01',21299.56),
(43,19,'2025-01-03',3223.74),
(44,9,'2025-01-15',29379.43),
(45,34,'2025-01-19',24728.71),
(46,24,'2025-01-30',12626.70),
(47,36,'2025-01-13',13481.55),
(48,27,'2025-01-18',11840.74),
(49,4,'2025-01-12',33633.99),
(50,11,'2025-01-21',7701.97);
INSERT INTO detalle_venta(id_detalle,id_venta,id_producto,cantidad,precio_unitario) VALUES
(1,1,3,2,1373.55),
(2,1,23,2,1863.57),
(3,1,20,2,4529.45),
(4,1,13,3,2165.74),
(5,2,11,1,544.31),
(6,3,22,3,4495.72),
(7,3,19,3,2700.99),
(8,4,24,2,4046.37),
(9,4,28,2,671.34),
(10,4,29,1,2438.26),
(11,4,26,3,2651.68),
(12,5,27,3,1601.92),
(13,5,23,1,1863.57),
(14,5,16,1,3984.10),
(15,6,5,2,1611.87),
(16,6,16,2,3984.10),
(17,6,9,1,4980.64),
(18,7,21,1,850.57),
(19,7,23,1,1863.57),
(20,7,28,3,671.34),
(21,8,14,3,1739.56),
(22,8,28,1,671.34),
(23,8,13,1,2165.74),
(24,8,29,2,2438.26),
(25,9,12,1,945.50),
(26,9,27,2,1601.92),
(27,9,10,2,4277.37),
(28,9,25,3,4208.90),
(29,10,10,2,4277.37),
(30,10,8,2,1606.08),
(31,10,4,2,3151.25),
(32,10,27,1,1601.92),
(33,11,17,2,857.91),
(34,11,2,1,782.90),
(35,11,4,3,3151.25),
(36,11,17,2,857.91),
(37,11,13,3,2165.74),
(38,12,19,1,2700.99),
(39,12,21,2,850.57),
(40,12,13,2,2165.74),
(41,12,19,2,2700.99),
(42,13,8,1,1606.08),
(43,13,14,2,1739.56),
(44,14,23,2,1863.57),
(45,14,20,1,4529.45),
(46,14,22,1,4495.72),
(47,15,14,2,1739.56),
(48,15,24,1,4046.37),
(49,15,2,3,782.90),
(50,16,5,2,1611.87),
(51,16,23,2,1863.57),
(52,16,29,2,2438.26),
(53,17,4,2,3151.25),
(54,18,24,1,4046.37),
(55,18,10,1,4277.37),
(56,19,12,1,945.50),
(57,19,14,3,1739.56),
(58,20,10,2,4277.37),
(59,21,6,3,1364.31),
(60,22,6,3,1364.31),
(61,23,12,1,945.50),
(62,23,21,3,850.57),
(63,23,23,3,1863.57),
(64,23,8,2,1606.08),
(65,23,5,3,1611.87),
(66,24,5,1,1611.87),
(67,24,4,2,3151.25),
(68,24,27,2,1601.92),
(69,24,21,1,850.57),
(70,24,10,2,4277.37),
(71,25,7,3,514.99),
(72,25,24,3,4046.37),
(73,25,1,2,2511.29),
(74,26,27,2,1601.92),
(75,27,29,1,2438.26),
(76,27,26,3,2651.68),
(77,27,14,3,1739.56),
(78,27,30,1,4384.90),
(79,27,14,2,1739.56),
(80,28,23,2,1863.57),
(81,28,2,1,782.90),
(82,28,15,2,2660.01),
(83,28,11,3,544.31),
(84,29,29,3,2438.26),
(85,29,29,3,2438.26),
(86,30,6,1,1364.31),
(87,30,16,1,3984.10),
(88,30,17,3,857.91),
(89,30,30,3,4384.90),
(90,30,19,3,2700.99),
(91,31,1,2,2511.29),
(92,31,26,1,2651.68),
(93,31,30,2,4384.90),
(94,32,25,1,4208.90),
(95,32,10,1,4277.37),
(96,32,14,1,1739.56),
(97,32,28,2,671.34),
(98,33,16,2,3984.10),
(99,33,24,3,4046.37),
(100,33,12,1,945.50),
(101,33,28,2,671.34),
(102,34,6,2,1364.31),
(103,34,21,2,850.57),
(104,34,5,2,1611.87),
(105,35,30,2,4384.90),
(106,35,27,2,1601.92),
(107,35,3,1,1373.55),
(108,36,21,2,850.57),
(109,36,21,3,850.57),
(110,36,18,3,4543.27),
(111,36,2,1,782.90),
(112,36,27,2,1601.92),
(113,37,3,3,1373.55),
(114,37,30,2,4384.90),
(115,38,25,3,4208.90),
(116,38,30,1,4384.90),
(117,38,14,1,1739.56),
(118,38,11,3,544.31),
(119,39,23,1,1863.57),
(120,39,9,1,4980.64),
(121,40,10,1,4277.37),
(122,41,10,1,4277.37),
(123,42,8,1,1606.08),
(124,42,24,3,4046.37),
(125,42,17,3,857.91),
(126,42,9,1,4980.64),
(127,43,5,2,1611.87),
(128,44,18,2,4543.27),
(129,44,13,3,2165.74),
(130,44,1,2,2511.29),
(131,44,10,1,4277.37),
(132,44,22,1,4495.72),
(133,45,5,3,1611.87),
(134,45,1,2,2511.29),
(135,45,30,3,4384.90),
(136,45,17,2,857.91),
(137,46,25,3,4208.90),
(138,47,28,1,671.34),
(139,47,16,3,3984.10),
(140,47,17,1,857.91),
(141,48,23,1,1863.57),
(142,48,5,2,1611.87),
(143,48,8,2,1606.08),
(144,48,7,2,514.99),
(145,48,1,1,2511.29),
(146,49,9,2,4980.64),
(147,49,1,3,2511.29),
(148,49,26,1,2651.68),
(149,49,22,3,4495.72),
(150,50,23,1,1863.57),
(151,50,28,2,671.34),
(152,50,22,1,4495.72);

